{"paths":{"/*":{"post":{"parameters":[{"schema":{"type":"string"},"description":"SOAP request.","name":"SOAP Request","required":true,"in":"body"},{"description":"SOAPAction header for soap 1.1","name":"SOAPAction","type":"string","required":false,"in":"header"}],"responses":{"200":{"description":"OK"}},"x-auth-type":"Application & Application User","x-throttling-tier":"Unlimited"}}},"swagger":"2.0","consumes":["text/xml","application/soap+xml"],"produces":["text/xml","application/soap+xml"],"info":{"title":"WeatherAPI","version":"1.0","description":"sample weather API"}}